params,train_mean,train_std,test_mean,test_std
{'C': 1e-05},0.007939995103725977,1.9269564293084564e-05,0.007939996979961662,7.707730305608506e-05
{'C': 0.0001},0.007939995103725977,1.9269564293084564e-05,0.007939996979961662,7.707730305608506e-05
{'C': 0.001},0.007939995103725977,1.9269564293084564e-05,0.007939996979961662,7.707730305608506e-05
{'C': 0.01},0.007939995103725977,1.9269564293084564e-05,0.007939996979961662,7.707730305608506e-05
{'C': 0.1},0.06965541562088692,0.0008514696812469542,0.06838444398543014,0.0026817899151416235
{'C': 1.0},0.5788350836334165,0.0034050674608400353,0.531226674365499,0.009854088685825936
{'C': 10.0},0.93849641680114,0.0009894816504754274,0.7210648265117996,0.012070209051482884
