params,train_mean,train_std,test_mean,test_std
{'var_smoothing': 1e-06},0.902439978342288,0.0034809349952805995,0.41980831784863143,0.012856588751454907
{'var_smoothing': 1e-05},0.902439978342288,0.0034809349952805995,0.41980831784863143,0.012856588751454907
{'var_smoothing': 0.0001},0.9025918642612509,0.003405670758197943,0.420010746998429,0.012961806715971151
{'var_smoothing': 0.001},0.9030475348333541,0.003087647397660622,0.42223808293237186,0.011646303816782177
{'var_smoothing': 0.01},0.904363888007843,0.002195629348001559,0.4335790376103926,0.011960047252763898
{'var_smoothing': 0.1},0.9033513835625655,0.0019457234848161095,0.5121560037573476,0.014441040979818314
{'var_smoothing': 1.0},0.8180438088098191,0.004333220405499574,0.523696106058928,0.009941815337390933
{'var_smoothing': 10.0},0.7556195291049533,0.004865209752263455,0.4740820955826555,0.01058777212778079
{'var_smoothing': 100.0},0.6903610750683211,0.005903498291041603,0.4289205009249802,0.006944619564396658
