params,train_mean,train_std,test_mean,test_std
{'var_smoothing': 1e-06},0.9603077829999777,0.0004935899026120278,0.4356049698714872,0.011683457890967013
{'var_smoothing': 1e-05},0.96035841591137,0.000414057998076976,0.4356049698714872,0.011683457890967013
{'var_smoothing': 0.0001},0.9603077829999777,0.00037561060064608264,0.43601003326647214,0.012102425275941719
{'var_smoothing': 0.001},0.9601559355266571,0.00037866019217350076,0.4384400034456026,0.011915349388734835
{'var_smoothing': 0.01},0.9580801655725677,0.0005234932226332267,0.449377945682537,0.013912877548421198
{'var_smoothing': 0.1},0.9331208698967414,0.001462839836695606,0.495952237385608,0.015854490813157433
{'var_smoothing': 1.0},0.736938406876644,0.006087635058998186,0.3608737473799064,0.01245696614409245
{'var_smoothing': 10.0},0.6140140775128232,0.006999199719942325,0.2695404632694667,0.007010953160279548
{'var_smoothing': 100.0},0.5019240506329113,0.011259882071532334,0.28007949497311196,0.016021934020549883
