params,train_mean,train_std,test_mean,test_std
{'C': 1e-05},0.016200891298149164,2.0090070905059356e-06,0.016200895036281374,8.0380648602958e-06
{'C': 0.0001},0.016200891298149164,2.0090070905059356e-06,0.016200895036281374,8.0380648602958e-06
{'C': 0.001},0.016200891298149164,2.0090070905059356e-06,0.016200895036281374,8.0380648602958e-06
{'C': 0.01},0.016200891298149164,2.0090070905059356e-06,0.016200895036281374,8.0380648602958e-06
{'C': 0.1},0.0955349743215145,0.003537302452747573,0.09092781052467504,0.0032346835395105494
{'C': 1.0},0.63866916563344,0.00361560629694802,0.480157431221261,0.00911425215647313
{'C': 10.0},0.9940765773125856,0.0005680429226344444,0.5587278343157402,0.01627873313178372
