top accuracy,mean accuracy,standar desviation
top-1,0.6269461196989142,0.007561667904311205
top-3,0.7910184837969427,0.009278360524166373
top-5,0.811857004435201,0.008467402426252275
