top position,mean accuracy,standar desviation
top-1,0.5467818482376153,0.009970736849258942
top-3,0.6931980113950998,0.007141929465736381
top-5,0.7195250811152267,0.008730073472082944
