params,train_mean,train_std,test_mean,test_std
{'C': 1e-05},0.007939995103725977,1.9269564293084564e-05,0.007939996979961662,7.707730305608506e-05
{'C': 0.0001},0.007939995103725977,1.9269564293084564e-05,0.007939996979961662,7.707730305608506e-05
{'C': 0.001},0.007939995103725977,1.9269564293084564e-05,0.007939996979961662,7.707730305608506e-05
{'C': 0.01},0.007939995103725977,1.9269564293084564e-05,0.007939996979961662,7.707730305608506e-05
{'C': 0.1},0.007939995103725977,1.9269564293084564e-05,0.007939996979961662,7.707730305608506e-05
{'C': 1.0},0.015220939302237432,0.0006749373536967901,0.01478158060296159,0.0014666937653386417
{'C': 10.0},0.14369663659485743,0.0032939252602938937,0.1289543516181584,0.004747573003516479
