params,train_mean,train_std,test_mean,test_std
{'C': 1e-05},0.007939995103725977,1.9269564293084564e-05,0.007939996979961662,7.707730305608506e-05
{'C': 0.0001},0.007939995103725977,1.9269564293084564e-05,0.007939996979961662,7.707730305608506e-05
{'C': 0.001},0.007939995103725977,1.9269564293084564e-05,0.007939996979961662,7.707730305608506e-05
{'C': 0.01},0.007939995103725977,1.9269564293084564e-05,0.007939996979961662,7.707730305608506e-05
{'C': 0.1},0.007939995103725977,1.9269564293084564e-05,0.007939996979961662,7.707730305608506e-05
{'C': 1.0},0.030473266846755644,0.0016561982398646423,0.029280719655632892,0.0013670737109833853
{'C': 10.0},0.24533958392184557,0.003946376548764233,0.21560372349253937,0.005765295003281641
