params,train_mean,train_std,test_mean,test_std
{'n_clusters': 1750},0.46999751893061914,0.00336223878367653,0.4140414151076187,0.011146002160660516
