params,train_mean,train_std,test_mean,test_std
{'C': 1e-05},0.007939995103725977,1.9269564293084564e-05,0.007939996979961662,7.707730305608506e-05
{'C': 0.0001},0.007939995103725977,1.9269564293084564e-05,0.007939996979961662,7.707730305608506e-05
{'C': 0.001},0.011980605813173997,0.0008084058062985707,0.011674634898936576,0.0010391512530534173
{'C': 0.01},0.1122583546545809,0.003816290437699496,0.10230982697426141,0.0028020269385804508
{'C': 0.1},0.4670396162195753,0.0026918711004331177,0.3710770652516418,0.0075425005005429775
{'C': 1.0},0.9435648424798867,0.0005854437049116808,0.5011612175462848,0.010511282048802613
{'C': 10.0},0.9658784205337257,0.0005757140582449379,0.5049900469741058,0.010519677673154893
