params,train_mean,train_std,test_mean,test_std
{'var_smoothing': 1e-06},0.6648952067895005,0.007391886609816621,0.14580969608965128,0.009042845933038189
{'var_smoothing': 1e-05},0.6647939665971443,0.007461927966270157,0.14580969608965128,0.009042845933038189
{'var_smoothing': 0.0001},0.6642370686478988,0.00739979905624675,0.14540483779005614,0.009216100783240536
{'var_smoothing': 0.001},0.6538077013029869,0.007044548498996335,0.143582975441878,0.009909015190328304
{'var_smoothing': 0.01},0.579587106612971,0.0040809960721638686,0.12130612948082153,0.009252408168993307
{'var_smoothing': 0.1},0.3212334131080419,0.0013768218070354036,0.04252816985179807,0.00374256067944076
{'var_smoothing': 1.0},0.21364924117912784,0.0029253708157899526,0.015391178437091091,0.002515693597918293
{'var_smoothing': 10.0},0.2435701008236979,0.004626961191740865,0.03645180873624322,0.0023060473999055326
{'var_smoothing': 100.0},0.020706771879575432,0.00010283659981361601,0.020656592381116456,0.0010418150557063163
