params,train_mean,train_std,test_mean,test_std
{'C': 1e-05},0.016200891298149164,2.0090070905059356e-06,0.016200895036281374,8.0380648602958e-06
{'C': 0.0001},0.016200891298149164,2.0090070905059356e-06,0.016200895036281374,8.0380648602958e-06
{'C': 0.001},0.016200891298149164,2.0090070905059356e-06,0.016200895036281374,8.0380648602958e-06
{'C': 0.01},0.016200891298149164,2.0090070905059356e-06,0.016200895036281374,8.0380648602958e-06
{'C': 0.1},0.016200891298149164,2.0090070905059356e-06,0.016200895036281374,8.0380648602958e-06
{'C': 1.0},0.016200891298149164,2.0090070905059356e-06,0.016200895036281374,8.0380648602958e-06
{'C': 10.0},0.04829910709994906,0.0029267478989774918,0.04313607258736038,0.005195501482155463
