params,train_mean,train_std,test_mean,test_std
{'n_clusters': 50},0.25416666666666665,0.010865337342004414,0.04666666666666667,0.022110831935702666
{'n_clusters': 100},0.45999999999999996,0.013844373104863467,0.06999999999999999,0.033993463423951896
{'n_clusters': 150},0.6716666666666666,0.008897565210026109,0.07999999999999999,0.037118429085533484
{'n_clusters': 200},0.8691666666666666,0.010736748938937599,0.08666666666666666,0.0439696865275764
