top position,mean accuracy,standar desviation
top-1,0.34259884855300216,0.008375656820835251
top-3,0.5404010008682307,0.0028025503436440984
top-5,0.618064902652429,0.008056170870722546
