top position,mean accuracy,standar desviation
top-1,0.5004394086151438,0.0027818969203938955
top-3,0.5216153336267946,0.002225498373841762
top-5,0.5336116294060903,0.002286016584657548
