top position,mean accuracy,standar desviation
top-1,0.3681149781020027,0.006764295077733776
top-3,0.3971247400914365,0.00731937961214218
top-5,0.4101360270913629,0.00615715897107894
