top position,mean accuracy,standar desviation
top-1,0.45537286574464275,0.0038341261644778517
top-3,0.4584484410471452,0.003746748002287707
top-5,0.4609669529942367,0.003388365148305852
