top position,mean accuracy,standar desviation
top-1,0.29905855591758534,0.003319502221187739
top-3,0.30483011831646534,0.003891255724788712
top-5,0.31050049178384576,0.004870491357182242
