top position,mean accuracy,standar desviation
top-1,0.5333129827731482,0.004665103589215212
top-3,0.5883958491521134,0.005834856054126556
top-5,0.6049511451995808,0.0052766820914281936
