top position,mean accuracy,standar desviation
top-1,0.5990224345955892,0.003962395563539633
top-3,0.6346974909097887,0.003891994837782987
top-5,0.6464348727012766,0.0036551183400696527
