top position,mean accuracy,standar desviation
top-1,0.4462333842738099,0.0035747262956018055
top-3,0.5085563340798196,0.004518160701114247
top-5,0.532806871517866,0.002417701408089862
