top position,mean accuracy,standar desviation
top-1,0.597390491296981,0.0019102077438310772
top-3,0.6572150659155549,0.0030573454691180868
top-5,0.6825022307987554,0.002984647910006073
