top position,mean accuracy,standar desviation
top-1,0.5871359744269495,0.0029883868184880096
top-3,0.6358351304096935,0.002125313169168332
top-5,0.6540374830576035,0.002387295995854739
