top position,mean accuracy,standar desviation
top-1,0.49473488205197214,0.0035080086073245413
top-3,0.5462232730697885,0.004074981039458645
top-5,0.5639429466662822,0.003979161046999696
