params,train_mean,train_std,test_mean,test_std
{'C': 1e-05},0.007939995103725977,1.9269564293084564e-05,0.007939996979961662,7.707730305608506e-05
{'C': 0.0001},0.007939995103725977,1.9269564293084564e-05,0.007939996979961662,7.707730305608506e-05
{'C': 0.001},0.007939995103725977,1.9269564293084564e-05,0.007939996979961662,7.707730305608506e-05
{'C': 0.01},0.00809691292391355,0.00030652009371934263,0.008096908952345156,0.00027349938390020624
{'C': 0.1},0.337261512930452,0.0018656476811893872,0.3251004635551998,0.005673006250920362
{'C': 1.0},0.7657701758335582,0.0038476933399927142,0.6700039370819436,0.007555068235401887
{'C': 10.0},0.9469306996990529,0.0007680917570503078,0.7265254715017617,0.008773304521309746
