params,train_mean,train_std,test_mean,test_std
{'var_smoothing': 1e-06},0.7623729340654611,0.0032385296709260747,0.6194142021981663,0.011085817815565634
{'var_smoothing': 1e-05},0.7623729340654611,0.0032385296709260747,0.6194455895176892,0.01112595425218155
{'var_smoothing': 0.0001},0.7623886258782578,0.003255242466009355,0.6194455845926431,0.011076874007946847
{'var_smoothing': 0.001},0.7625690808020821,0.0031942739076871885,0.620324326113314,0.011523445808918342
{'var_smoothing': 0.01},0.7621767756332319,0.002964615421726445,0.6217679408844733,0.011241202742005888
{'var_smoothing': 0.1},0.7476305651989436,0.0024140479713640247,0.6216111865135686,0.013241497388551179
{'var_smoothing': 1.0},0.5879441175593779,0.00366054655947556,0.5051472101238461,0.006992347582501501
{'var_smoothing': 10.0},0.5067396240550173,0.0037484281731956235,0.4445458708461791,0.0075014998752947004
{'var_smoothing': 100.0},0.4802128053453214,0.0033850013169510976,0.443384441522907,0.004435649075976543
