params,train_mean,train_std,test_mean,test_std
{'var_smoothing': 20},0.6637863132957319,0.006265190996969455,0.397463457847335,0.01930427507003214
{'var_smoothing': 30},0.6293198850395718,0.008670457839379475,0.38747748412815597,0.022892695461775185
{'var_smoothing': 40},0.5551065521731078,0.008172696635404883,0.3521482356415178,0.015329681763487275
{'var_smoothing': 50},0.4367304373306255,0.011823772659742923,0.31336409272109844,0.0127535415072269
{'var_smoothing': 60},0.32008411940920145,0.003703580420391633,0.26536763620256903,0.012255223947803427
{'var_smoothing': 70},0.25230372368216153,0.005416264074875294,0.20852871696441752,0.00537085754726396
{'var_smoothing': 80},0.19239626516826186,0.0054160103911677845,0.16628229735715339,0.007630538457253564
{'var_smoothing': 90},0.15994560665215074,0.00473418344423188,0.1451661006939318,0.010273228240877548
