top position,mean accuracy,standar desviation
top-1,0.5088815238771719,0.0026745313347883446
top-3,0.5256323912280896,0.002412196534195931
top-5,0.5350944718596681,0.0018680793622983091
