top position,mean accuracy,standar desviation
top-1,0.36750735753486535,0.003067117011266327
top-3,0.3924163406796549,0.004034220774492663
top-5,0.4068958667730329,0.0038987159676828046
