top position,mean accuracy,standar desviation
top-1,0.30052670530453757,0.002910185193066323
top-3,0.3057920154807788,0.0034022937579036546
top-5,0.3106522111050239,0.003909714432577406
