top position,mean accuracy,standar desviation
top-1,0.46999751893061914,0.00336223878367653
top-3,0.47327708041277844,0.0034772638109397116
top-5,0.4758740560405406,0.0036020218682670416
