top position,mean accuracy,standar desviation
top-1,0.5125559752538213,0.004710662039364377
top-3,0.5705246997235117,0.0026882893585751214
top-5,0.5905226364740219,0.002472398190579364
