top position,mean accuracy,standar desviation
top-1,0.5901488012527942,0.004038324802404083
top-3,0.6254786376854666,0.0036945946707564728
top-5,0.6386439716714396,0.0037281558232805925
