top position,mean accuracy,standar desviation
top-1,0.593600952054513,0.002849133985879598
top-3,0.6482315806498085,0.004314144410670983
top-5,0.6714003597310534,0.0038059922501358493
