top position,mean accuracy,standar desviation
top-1,0.4442085035353972,0.004707075699419864
top-3,0.5009114692963486,0.0033350136914170876
top-5,0.5229346071656271,0.005073838793436631
