top position,mean accuracy,standar desviation
top-1,0.5786153908675631,0.003032852030960772
top-3,0.6238231437409386,0.0027530249756246277
top-5,0.6386831710410734,0.0026160788109555817
