top position,mean accuracy,standar desviation
top-1,0.49584843446139254,0.00315689029714227
top-3,0.5472861284917454,0.005904649283010474
top-5,0.5626769316532588,0.006907860357130056
