params,train_mean,train_std,test_mean,test_std
{'degree': 1},0.016200891298149164,2.0090070905059356e-06,0.016200895036281374,8.0380648602958e-06
{'degree': 2},0.016200891298149164,2.0090070905059356e-06,0.016200895036281374,8.0380648602958e-06
{'degree': 3},0.016200891298149164,2.0090070905059356e-06,0.016200895036281374,8.0380648602958e-06
{'degree': 4},0.016200891298149164,2.0090070905059356e-06,0.016200895036281374,8.0380648602958e-06
{'degree': 5},0.016200891298149164,2.0090070905059356e-06,0.016200895036281374,8.0380648602958e-06
{'degree': 6},0.016200891298149164,2.0090070905059356e-06,0.016200895036281374,8.0380648602958e-06
