params,train_mean,train_std,test_mean,test_std
1e-06,0.7487839045139034,0.001476154340797077,0.6069550025122661,0.011279802771459561
1e-05,0.7488152878317176,0.0014744126472234457,0.6069863849067427,0.011279486599132152
0.0001,0.7488780544673459,0.0014602966086055093,0.607017757451127,0.011070087880543434
0.001,0.749223272809977,0.0014350057324196976,0.6074571109738008,0.010665491103255475
0.01,0.7504786119859067,0.0015201532572666585,0.6110033116995753,0.00886624002190211
0.1,0.7425621459835592,0.0013422666832699746,0.6187862341806285,0.009396699792358363
1.0,0.6248116903980712,0.0022829128483799464,0.5401708340930217,0.009010879877843917
10.0,0.6089631136707914,0.0014148079974893137,0.5376601588091002,0.007392443158172325
100.0,0.11165424356090443,0.0018166996758507237,0.10968489160318036,0.004147428289665298
