params,train_mean,train_std,test_mean,test_std
1e-05,0.007939995103725977,1.9269564293084564e-05,0.007939996979961662,7.707730305608506e-05
0.0001,0.007939995103725977,1.9269564293084564e-05,0.007939996979961662,7.707730305608506e-05
0.001,0.007939995103725977,1.9269564293084564e-05,0.007939996979961662,7.707730305608506e-05
0.01,0.01488356778934225,4.0052836372130314e-05,0.01487572286134547,0.00011755087221693408
0.1,0.364290449951775,0.0021704034890330974,0.3495482501360051,0.004922998626128626
1.0,0.7623650743090005,0.0021998956896611375,0.6607772865536683,0.007857881932707922
10.0,0.8984355335893157,0.0008892631487832758,0.6920665287062722,0.009043637748340001
