params,train_mean,train_std,test_mean,test_std
{'var_smoothing': 20},0.587104575412398,0.0023041168302719408,0.528872935679192,0.006703767889971215
{'var_smoothing': 30},0.5152366548140297,0.0022826131846498524,0.47247682248626377,0.006329102623025261
{'var_smoothing': 40},0.4242169770333281,0.0022314339158126524,0.3986632538066421,0.00786177329220463
{'var_smoothing': 50},0.34470719961878715,0.004231065968712088,0.32707776618421897,0.005658556312983457
{'var_smoothing': 60},0.2702344642573997,0.0028953298917391563,0.258850273571542,0.005011543797410263
{'var_smoothing': 70},0.21713377571417186,0.0028512885150757056,0.21008052056556475,0.003869374339064299
{'var_smoothing': 80},0.1746563831862386,0.0021851496660154628,0.16915651885519467,0.004139186553858832
{'var_smoothing': 90},0.1427002612669595,0.0027727754444552733,0.13824382603594162,0.0028661661639614016
