params,train_mean,train_std,test_mean,test_std
{'C': 1e-05},0.0011342850148179967,6.742942869115944e-06,0.001134285282851666,2.6971437605324413e-05
{'C': 0.0001},0.0022685700296359934,8.705101812171372e-06,0.002268570565703332,3.4819976222897956e-05
{'C': 0.001},0.00340285504445399,9.53596125581072e-06,0.0034028558485549977,3.81433728581495e-05
{'C': 0.01},0.004537140059271987,9.535961255810721e-06,0.004537141131406664,3.814337285814949e-05
{'C': 0.1},0.005671425074089984,8.705101812171372e-06,0.005671426414258329,3.481997622289796e-05
{'C': 1.0},0.007175585543546278,2.0902128948234432e-05,0.007173343882500892,8.58110228151396e-05
{'C': 10.0},0.0455372870537204,0.0010671501878336737,0.04435368991427789,0.0005046110758664436
