params,train_mean,train_std,test_mean,test_std
1e-05,0.016200891298149164,2.0090070905059356e-06,0.016200895036281374,8.0380648602958e-06
0.0001,0.016200891298149164,2.0090070905059356e-06,0.016200895036281374,8.0380648602958e-06
0.001,0.016200891298149164,2.0090070905059356e-06,0.016200895036281374,8.0380648602958e-06
0.01,0.016200891298149164,2.0090070905059356e-06,0.016200895036281374,8.0380648602958e-06
0.1,0.016200891298149164,2.0090070905059356e-06,0.016200895036281374,8.0380648602958e-06
1.0,0.016200891298149164,2.0090070905059356e-06,0.016200895036281374,8.0380648602958e-06
10.0,0.03508486555238379,0.0016566473885502341,0.034022453843282514,0.005642951911018585
