params,train_mean,train_std,test_mean,test_std
{'var_smoothing': 1e-06},0.7312406006167538,0.0015238481298094958,0.5560511383308565,0.012436842138948743
{'var_smoothing': 1e-05},0.7312641377203905,0.0015171645893264456,0.5560825256503794,0.012470953003699558
{'var_smoothing': 0.0001},0.7313347502624172,0.0015943341101954612,0.556239462247994,0.012578816169339629
{'var_smoothing': 0.001},0.7307149507415148,0.0027631970146851864,0.5571495418377259,0.012730468763326029
{'var_smoothing': 0.01},0.7139169827143158,0.0027451525249622363,0.5511238955460739,0.012354318054748544
{'var_smoothing': 0.1},0.4836649675348692,0.0040804832547290506,0.3805238505705518,0.0074376218651418914
{'var_smoothing': 1.0},0.3004801696562457,0.005119140722249231,0.2352813565626093,0.003952763062378839
{'var_smoothing': 10.0},0.30182966371008463,0.002730369196776682,0.25891315163655837,0.00524259348546466
{'var_smoothing': 100.0},0.014554042490624568,0.00018897822636416105,0.014499163677902372,0.00074089317682943
