params,train_mean,train_std,test_mean,test_std
{'C': 1e-05},0.007939995103725977,1.9269564293084564e-05,0.007939996979961662,7.707730305608506e-05
{'C': 0.0001},0.007939995103725977,1.9269564293084564e-05,0.007939996979961662,7.707730305608506e-05
{'C': 0.001},0.007939995103725977,1.9269564293084564e-05,0.007939996979961662,7.707730305608506e-05
{'C': 0.01},0.007939995103725977,1.9269564293084564e-05,0.007939996979961662,7.707730305608506e-05
{'C': 0.1},0.03163444314251807,0.0011217892174258607,0.031163766750205303,0.0019650536881525363
{'C': 1.0},0.4224124782708681,0.00376527891290004,0.38931114757615337,0.009368286184199052
{'C': 10.0},0.8949049175680303,0.0015101722001400616,0.6819926077026344,0.011559765867435427
