params,train_mean,train_std,test_mean,test_std
{'C': 1e-05},0.016200891298149164,2.0090070905059356e-06,0.016200895036281374,8.0380648602958e-06
{'C': 0.0001},0.016200891298149164,2.0090070905059356e-06,0.016200895036281374,8.0380648602958e-06
{'C': 0.001},0.016200891298149164,2.0090070905059356e-06,0.016200895036281374,8.0380648602958e-06
{'C': 0.01},0.016200891298149164,2.0090070905059356e-06,0.016200895036281374,8.0380648602958e-06
{'C': 0.1},0.016200891298149164,2.0090070905059356e-06,0.016200895036281374,8.0380648602958e-06
{'C': 1.0},0.05498222850167719,0.004233789013040252,0.051639122355807685,0.002768889351908092
{'C': 10.0},0.5167582377798923,0.004771355490339015,0.37525811254814617,0.01078622744105232
