params,train_mean,train_std,test_mean,test_std
{'C': 1e-05},0.016200891298149164,2.0090070905059356e-06,0.016200895036281374,8.0380648602958e-06
{'C': 0.0001},0.016200891298149164,2.0090070905059356e-06,0.016200895036281374,8.0380648602958e-06
{'C': 0.001},0.0372622473400421,0.0039277304923828514,0.03240199516795261,0.003949102385129665
{'C': 0.01},0.4707879242236383,0.0036365187329718916,0.3588541730758976,0.010451553597186677
{'C': 0.1},0.9593964034101286,0.001142850731613116,0.4744869538822506,0.012002370247956744
{'C': 1.0},0.9612190088072561,0.0011625255736837,0.4740816853918758,0.011606085544672136
{'C': 10.0},0.9612190088072561,0.0011625255736837,0.4740816853918758,0.011606085544672136
